Time,GSR Reading
1585314656906,16.318681318681314
1585314656986,16.465201465201467
1585314657100,16.721611721611723
1585314657209,16.904761904761905
1585314657288,16.904761904761905
1585314657578,0.7875457875457847
1585314657578,0.8806524485966994
1585314657686,0.895970695970696
1585314657887,0.9015429015429015
1585314657892,0.9033189033189033
1585314658015,0.9050949050949051
1585314658088,0.9064269064269064
1585314658203,0.9073149073149074
1585314658280,0.9073149073149074
1585314658392,0.9073149073149074
1585314658487,0.9077589077589078
1585314658597,0.9073149073149074
1585314658686,0.9086469086469087
1585314658797,0.9095349095349096
1585314658881,0.90997890997891
1585314658991,0.9108669108669109
1585314659079,0.9113109113109114
1585314659191,0.90997890997891
1585314659311,0.9064269064269064
1585314659395,0.9006549006549007
1585314659521,0.8984348984348984
1585314659602,0.894882894882895
1585314659702,0.88999888999889
1585314659783,0.8846708846708846
1585314659896,0.8802308802308801
1585314660004,0.8766788766788766
1585314660089,0.8717948717948718
1585314660199,0.8726828726828727
1585314660286,0.8722388722388723
1585314660381,0.87001887001887
1585314660492,0.8709068709068709
1585314660601,0.8802308802308801
1585314660689,0.8913308913308914
1585314660880,0.8926628926628928
1585314660881,0.881118881118881
1585314660990,0.8717948717948718
1585314661101,0.8598068598068599
1585314661201,0.8549228549228549
1585314661313,0.8504828504828504
1585314661393,0.846930846930847
1585314661492,0.8256188256188256
1585314661582,0.8340548340548339
1585314661677,0.8398268398268398
1585314661787,0.8527028527028527
1585314661884,0.8615828615828617
1585314662004,0.8669108669108669
1585314662122,0.8686868686868686
1585314662179,0.8731268731268732
1585314662293,0.8713508713508713
1585314662381,0.8717948717948718
1585314662490,0.8726828726828727
1585314662600,0.8704628704628705
1585314662684,0.8682428682428683
1585314662796,0.8695748695748695
1585314662880,0.8713508713508713
1585314663071,0.8713508713508713
1585314663099,0.8709068709068709
1585314663196,0.8713508713508713
1585314663291,0.8749028749028749
1585314663398,0.8749028749028749
1585314663502,0.8735708735708736
1585314663579,0.8704628704628705
1585314663695,0.8673548673548673
1585314663785,0.8651348651348651
1585314663889,0.8664668664668664
1585314663986,0.8669108669108669
1585314664099,0.8669108669108669
1585314664180,0.8669108669108669
1585314664282,0.8673548673548673
1585314664387,0.8673548673548673
1585314664492,0.8660228660228659
1585314664592,0.8669108669108669
1585314664700,0.8673548673548673
1585314664791,0.8673548673548673
1585314664882,0.8673548673548673
1585314664983,0.8655788655788657
1585314665094,0.8660228660228659
1585314665186,0.8655788655788657
1585314665306,0.8664668664668664
1585314665414,0.8669108669108669
1585314665505,0.8664668664668664
1585314665609,0.8664668664668664
1585314665705,0.8664668664668664
1585314665793,0.8673548673548673
1585314665885,0.8673548673548673
1585314665986,0.8673548673548673
1585314666085,0.8677988677988678
1585314666205,0.8691308691308691
1585314666289,0.8695748695748695
1585314666389,0.8704628704628705
1585314666493,0.8717948717948718
1585314666580,0.8726828726828727
1585314666703,0.8735708735708736
1585314666791,0.8744588744588745
1585314666886,0.8757908757908757
1585314666990,0.8771228771228771
1585314667091,0.878898878898879
1585314667197,0.8797868797868797
1585314667293,0.8820068820068818
1585314667391,0.8824508824508824
1585314667493,0.8837828837828837
1585314667586,0.8864468864468864
1585314667681,0.8873348873348873
1585314667787,0.8886668886668886
1585314667880,0.8904428904428906
1585314667984,0.8922188922188924
1585314668095,0.894882894882895
1585314668195,0.8975468975468975
1585314668305,0.8993228993228994
1585314668402,0.9015429015429015
1585314668495,0.9037629037629038
1585314668593,0.9055389055389055
1585314668692,0.9073149073149074
1585314668783,0.9095349095349096
1585314668896,0.9126429126429126
1585314668981,0.9148629148629149
1585314669104,0.9157509157509157
1585314669196,0.9166389166389166
1585314669289,0.9175269175269175
1585314669408,0.9188589188589188
1585314669552,0.9197469197469197
1585314669608,0.9215229215229216
1585314669716,0.9232989232989234
1585314669801,0.9246309246309246
1585314669901,0.9264069264069263
1585314670000,0.9286269286269286
1585314670099,0.9295149295149294
1585314670216,0.9317349317349316
1585314670292,0.9339549339549339
1585314670415,0.9361749361749361
1585314670502,0.9383949383949383
1585314670586,0.9415029415029413
1585314670685,0.9437229437229435
1585314670815,0.9459429459429458
1585314670889,0.9486069486069488
1585314671006,0.9517149517149517
1585314671096,0.9565989565989567
1585314671193,0.9583749583749583
1585314671288,0.9605949605949607
1585314671399,0.9623709623709624
1585314671493,0.9645909645909647
1585314671593,0.9672549672549674
1585314671691,0.9690309690309691
1585314671802,0.9716949716949718
1585314671889,0.973914973914974
1585314671996,0.9787989787989788
1585314672098,0.9823509823509824
1585314672188,0.9867909867909868
1585314672299,0.9912309912309912
1585314672398,0.996114996114996
1585314672499,0.9974469974469975
1585314672586,0.9987789987789988
1585314672696,1.000111000111
1585314672796,1.000999000999001
1585314672890,1.0018870018870019
1585314672996,1.0023310023310024
1585314673109,1.0032190032190031
1585314673212,1.0036630036630036
1585314673299,1.0045510045510047
1585314673406,1.004995004995005
1585314673506,1.0063270063270062
1585314673598,1.0063270063270062
1585314673685,1.0063270063270062
1585314673815,1.0063270063270062
1585314673912,1.0067710067710067
1585314674008,1.0067710067710067
1585314674092,1.0063270063270062
1585314674188,1.005883005883006
1585314674289,1.005883005883006
1585314674392,1.0067710067710067
1585314674491,1.0067710067710067
1585314674608,1.0063270063270062
1585314674712,1.0067710067710067
1585314674798,1.0063270063270062
1585314674903,1.0072150072150072
1585314674992,1.0063270063270062
1585314675099,1.005883005883006
1585314675199,1.0054390054390054
1585314675309,1.004995004995005
1585314675416,1.0041070041070042
1585314675488,1.0032190032190031
1585314675608,1.0032190032190031
1585314675687,1.0023310023310024
1585314675784,1.0023310023310024
1585314675892,1.0014430014430014
1585314675989,1.0014430014430014
1585314676080,1.000111000111
1585314676198,0.9992229992229992
1585314676292,0.9987789987789988
1585314676396,0.9974469974469975
1585314676483,0.9974469974469975
1585314676613,0.996114996114996
1585314676698,0.9956709956709957
1585314676785,0.9952269952269953
1585314676886,0.9947829947829947
1585314676986,0.9943389943389944
1585314677101,0.9938949938949938
1585314677196,0.9938949938949938
1585314677288,0.9930069930069931
1585314677391,0.9925629925629925
1585314677494,0.9921189921189921
1585314677605,0.9916749916749916
1585314677700,0.9912309912309912
1585314677794,0.9907869907869906
1585314677900,0.9903429903429903
1585314678075,0.9898989898989897
1585314678111,0.9894549894549893
1585314678188,0.9894549894549893
1585314678292,0.989010989010989
1585314678415,0.9885669885669887
1585314678480,0.988122988122988
1585314678612,0.988122988122988
1585314678690,0.9876789876789878
1585314678811,0.9930069930069931
1585314678904,0.9947829947829947
1585314678985,0.9956709956709957
1585314679096,0.9925629925629925
1585314679187,0.9894549894549893
1585314679312,0.988122988122988
1585314679396,0.988122988122988
1585314679506,0.9885669885669887
1585314679589,0.9885669885669887
1585314679693,0.9867909867909868
1585314679801,0.9867909867909868
1585314679887,0.9867909867909868
1585314679996,0.9863469863469865
1585314680099,0.9863469863469865
1585314680198,0.9863469863469865
1585314680288,0.9867909867909868
1585314680401,0.9867909867909868
1585314680499,0.9863469863469865
1585314680589,0.9863469863469865
1585314680687,0.9867909867909868
1585314680789,0.9876789876789878
1585314680895,0.988122988122988
1585314680989,0.9898989898989897
1585314681107,0.9907869907869906
1585314681197,0.9916749916749916
1585314681304,0.9907869907869906
1585314681401,0.9921189921189921
1585314681490,0.9925629925629925
1585314681607,0.9930069930069931
1585314681703,0.9943389943389944
1585314681799,0.9943389943389944
1585314681891,0.9947829947829947
1585314681989,0.9952269952269953
1585314682136,0.9956709956709957
1585314682215,0.9965589965589966
1585314682305,0.997002997002997
1585314682395,0.997002997002997
1585314682505,0.9974469974469975
1585314682615,0.9974469974469975
1585314682702,0.9965589965589966
1585314682810,0.9965589965589966
1585314682913,0.9965589965589966
1585314683001,0.997002997002997
1585314683089,0.9965589965589966
1585314683202,0.9974469974469975
1585314683298,0.997002997002997
1585314683396,0.997002997002997
1585314683492,0.9974469974469975
1585314683594,0.9974469974469975
1585314683686,0.9974469974469975
1585314683796,0.997002997002997
1585314683889,0.997002997002997
1585314683996,0.997002997002997
1585314684102,0.997002997002997
1585314684198,0.9965589965589966
1585314684302,0.996114996114996
1585314684399,0.9956709956709957
1585314684496,0.9952269952269953
1585314684584,0.9947829947829947
1585314684699,0.9943389943389944
1585314684795,0.9943389943389944
1585314684885,0.9938949938949938
1585314684994,0.9925629925629925
1585314685086,0.9912309912309912
1585314685203,0.9907869907869906
1585314685296,0.9907869907869906
1585314685390,0.9907869907869906
1585314685504,0.9903429903429903
1585314685590,0.9912309912309912
1585314685789,0.9907869907869906
1585314685789,0.9907869907869906
1585314685922,0.9903429903429903
1585314686008,0.9907869907869906
1585314686102,0.9903429903429903
1585314686192,0.9903429903429903
1585314686402,0.9898989898989897
1585314686403,0.9894549894549893
1585314686504,0.989010989010989
1585314686605,0.989010989010989
1585314686688,0.9885669885669887
1585314686785,0.9885669885669887
1585314686891,0.988122988122988
1585314686985,0.988122988122988
1585314687096,0.9876789876789878
1585314687189,0.9872349872349874
1585314687306,0.9876789876789878
1585314687395,0.9872349872349874
1585314687487,0.9867909867909868
1585314687605,0.9867909867909868
1585314687685,0.9859029859029859
1585314687798,0.9859029859029859
1585314687905,0.9854589854589855
1585314687984,0.9850149850149852
1585314688090,0.9850149850149852
1585314688205,0.9854589854589855
1585314688281,0.9850149850149852
1585314688400,0.9845709845709846
1585314688488,0.9845709845709846
1585314688589,0.9841269841269842
1585314688698,0.9836829836829837
1585314688801,0.9845709845709846
1585314688899,0.9823509823509824
1585314689004,0.9801309801309801
1585314689089,0.9801309801309801
1585314689202,0.9801309801309801
1585314689298,0.981906981906982
1585314689386,0.9827949827949827
1585314689522,0.9823509823509824
1585314689609,0.9814629814629814
1585314689712,0.9832389832389833
1585314689795,0.9832389832389833
1585314689896,0.9832389832389833
1585314689991,0.9827949827949827
1585314690189,0.9827949827949827
1585314690227,0.981906981906982
1585314690299,0.9823509823509824
1585314690398,0.981906981906982
1585314690538,0.9814629814629814
1585314690585,0.9810189810189811
1585314690690,0.9810189810189811
1585314690821,0.9810189810189811
1585314690888,0.9814629814629814
1585314691088,0.9814629814629814
1585314691091,0.981906981906982
1585314691199,0.9823509823509824
1585314691298,0.9823509823509824
1585314691395,0.9832389832389833
1585314691488,0.9841269841269842
1585314691589,0.9854589854589855
1585314691692,0.9863469863469865
1585314691788,0.9872349872349874
1585314691892,0.9885669885669887
1585314691991,0.9903429903429903
1585314692114,0.9912309912309912
1585314692191,0.9930069930069931
1585314692306,0.9947829947829947
1585314692395,0.996114996114996
1585314692496,0.9974469974469975
1585314692588,0.9987789987789988
1585314692685,1.0005550005550006
1585314692802,1.0023310023310024
1585314692896,1.0027750027750026
1585314692992,1.0041070041070042
1585314693088,1.0045510045510047
1585314693181,1.005883005883006
1585314693294,1.0067710067710067
1585314693402,1.0072150072150072
1585314693481,1.0085470085470085
1585314693585,1.0085470085470085
1585314693698,1.0094350094350093
1585314693799,1.00987900987901
1585314693929,1.00987900987901
1585314694009,1.0103230103230103
1585314694109,1.0103230103230103
1585314694215,1.0107670107670106
1585314694288,1.0107670107670106
1585314694388,1.011211011211011
1585314694489,1.011211011211011
1585314694682,1.011211011211011
1585314694684,1.011211011211011
1585314694896,1.011211011211011
1585314694896,1.011211011211011
1585314694993,1.0107670107670106
1585314695082,1.0107670107670106
1585314695210,1.0103230103230103
1585314695294,1.0103230103230103
1585314695403,1.00987900987901
1585314695494,1.0094350094350093
1585314695604,1.0094350094350093
1585314695691,1.008991008991009
1585314695806,1.008103008103008
1585314695889,1.008103008103008
1585314695999,1.0072150072150072
1585314696108,1.0067710067710067
1585314696204,1.0067710067710067
1585314696281,1.005883005883006
1585314696392,1.0054390054390054
1585314696508,1.0045510045510047
1585314696589,1.0041070041070042
1585314696697,1.0036630036630036
1585314696782,1.0032190032190031
1585314696906,1.0041070041070042
1585314697006,1.0054390054390054
1585314697090,1.005883005883006
1585314697207,1.005883005883006
1585314697284,1.0045510045510047
1585314697476,1.0041070041070042
1585314697505,1.0041070041070042
1585314697596,1.0045510045510047
1585314697701,1.0036630036630036
1585314697791,1.0032190032190031
1585314697898,1.0032190032190031
1585314697989,1.0107670107670106
1585314698096,1.0143190143190142
1585314698206,1.0103230103230103
1585314698289,1.005883005883006
1585314698398,1.0041070041070042
1585314698489,1.0036630036630036
1585314698591,1.0045510045510047
1585314698715,1.0032190032190031
1585314698819,1.0023310023310024
1585314698892,1.000999000999001
1585314699026,1.000111000111
1585314699102,0.9992229992229992
1585314699202,0.9987789987789988
1585314699293,0.9974469974469975
1585314699389,0.9974469974469975
1585314699505,0.996114996114996
1585314699593,0.9952269952269953
1585314699704,0.9934509934509934
1585314699792,0.9934509934509934
1585314699903,0.9925629925629925
1585314699988,0.9925629925629925
1585314700104,0.9916749916749916
1585314700189,0.9912309912309912
1585314700305,0.9907869907869906
1585314700395,0.9907869907869906
1585314700488,0.9907869907869906
1585314700588,0.9903429903429903
1585314700684,0.9903429903429903
1585314700783,0.9898989898989897
1585314700889,0.9894549894549893
1585314700995,0.9898989898989897
1585314701083,0.9894549894549893
1585314701198,0.9894549894549893
1585314701305,0.989010989010989
1585314701401,0.9885669885669887
1585314701487,0.9885669885669887
1585314701583,0.9885669885669887
1585314701697,0.988122988122988
1585314701785,0.988122988122988
1585314701883,0.9876789876789878
1585314701992,0.9872349872349874
1585314702097,0.9867909867909868
1585314702187,0.9872349872349874
1585314702282,0.9867909867909868
1585314702392,0.9863469863469865
1585314702510,0.9863469863469865
1585314702609,0.9863469863469865
1585314702682,0.9863469863469865
1585314702786,0.9859029859029859
1585314702883,0.9854589854589855
1585314702985,0.9854589854589855
1585314703092,0.9859029859029859
1585314703192,0.9854589854589855
1585314703291,0.9850149850149852
1585314703389,0.9850149850149852
1585314703497,0.9845709845709846
1585314703590,0.9841269841269842
1585314703701,0.9836829836829837
1585314703780,0.9841269841269842
1585314703890,0.9836829836829837
1585314704002,0.9836829836829837
1585314704086,0.9832389832389833
1585314704197,0.9832389832389833
1585314704290,0.9832389832389833
1585314704397,0.9827949827949827
1585314704485,0.9827949827949827
1585314704598,0.9823509823509824
1585314704700,0.9823509823509824
1585314704801,0.9823509823509824
1585314704892,0.981906981906982
1585314705001,0.9814629814629814
1585314705104,0.981906981906982
1585314705183,0.9814629814629814
1585314705302,0.9810189810189811
1585314705385,0.9810189810189811
1585314705487,0.9805749805749805
1585314705594,0.9801309801309801
1585314705697,0.9801309801309801
1585314705787,0.9796869796869796
1585314705896,0.9796869796869796
1585314705989,0.9796869796869796
1585314706087,0.9796869796869796
1585314706183,0.9796869796869796
1585314706284,0.9792429792429792
1585314706384,0.9796869796869796
1585314706487,0.9774669774669775
1585314706601,0.977022977022977
1585314706728,0.9734709734709734
1585314706801,0.972138972138972
1585314706906,0.9730269730269732
1585314706983,0.972138972138972
1585314707090,0.9716949716949718
1585314707185,0.9712509712509714
1585314707296,0.972138972138972
1585314707380,0.973914973914974
1585314707532,0.9850149850149852
1585314707592,0.988122988122988
1585314707681,0.989010989010989
1585314707792,0.9903429903429903
1585314707902,0.9903429903429903
1585314707996,0.9903429903429903
1585314708088,0.9898989898989897
1585314708184,0.9894549894549893
1585314708300,0.9903429903429903
1585314708392,0.9907869907869906
1585314708495,0.9930069930069931
1585314708580,0.9938949938949938
1585314708693,0.9978909978909979
1585314708801,0.9996669996669996
1585314708887,1.0018870018870019
1585314708995,1.0023310023310024
1585314709099,1.0023310023310024
1585314709186,1.0036630036630036
1585314709301,1.0054390054390054
1585314709392,1.0054390054390054
1585314709499,1.005883005883006
1585314709588,1.0063270063270062
1585314709697,1.0054390054390054
1585314709798,1.005883005883006
1585314709890,1.005883005883006
1585314709993,1.005883005883006
1585314710082,1.0063270063270062
1585314710194,1.0067710067710067
1585314710285,1.008103008103008
1585314710393,1.0103230103230103
1585314710500,1.011211011211011
1585314710603,1.0116550116550116
1585314710697,1.0129870129870129
1585314710791,1.0107670107670106
1585314710896,1.0054390054390054
1585314710983,1.0041070041070042
1585314711111,1.004995004995005
1585314711204,1.004995004995005
1585314711292,1.0063270063270062
1585314711385,1.0076590076590075
1585314711504,1.008103008103008
1585314711589,1.0094350094350093
1585314711683,1.0107670107670106
1585314711792,1.0125430125430126
1585314711880,1.0147630147630147
1585314711988,1.0156510156510157
1585314712083,1.016983016983017
1585314712188,1.0178710178710177
1585314712288,1.0183150183150182
1585314712396,1.0178710178710177
1585314712504,1.0183150183150182
1585314712590,1.0187590187590185
1585314712687,1.019203019203019
1585314712782,1.019203019203019
1585314712888,1.019203019203019
1585314712984,1.0187590187590185
1585314713101,1.019203019203019
1585314713194,1.0196470196470195
1585314713288,1.028971028971029
1585314713404,1.0391830391830394
1585314713496,1.0507270507270507
1585314713587,1.06005106005106
1585314713693,1.0662670662670664
1585314713807,1.0720390720390718
1585314713888,1.0747030747030746
1585314713997,1.0764790764790766
1585314714083,1.08003108003108
1585314714202,1.0844710844710845
1585314714294,1.087135087135087
1585314714387,1.0924630924630925
1585314714505,1.0960150960150958
1585314714585,1.0991230991230994
1585314714699,1.1022311022311024
1585314714803,1.1071151071151073
1585314714984,1.1146631146631145
1585314714987,1.1133311133311135
1585314715093,1.1115551115551117
1585314715203,1.1106671106671107
1585314715310,1.1102231102231102
1585314715380,1.1111111111111114
1585314715514,1.111999111999112
1585314715618,1.1199911199911199
1585314715681,1.1177711177711178
1585314715787,1.116883116883117
1585314715894,1.1155511155511155
1585314716002,1.1142191142191142
1585314716093,1.1146631146631145
1585314716184,1.1146631146631145
1585314716289,1.1133311133311135
1585314716389,1.1124431124431124
1585314716502,1.111999111999112
1585314716594,1.1111111111111114
1585314716683,1.1111111111111114
1585314716798,1.1088911088911089
1585314716887,1.0982350982350981
1585314716998,1.0738150738150738
1585314717099,1.0556110556110556
1585314717196,1.0493950493950492
1585314717295,1.0502830502830502
1585314717399,1.0511710511710513
1585314717498,1.0485070485070487
1585314717596,1.0414030414030415
1585314717683,1.0347430347430346
1585314717794,1.044067044067044
1585314717904,1.0405150405150407
1585314717991,1.0294150294150295
1585314718091,1.0240870240870241
1585314718205,1.022311022311022
1585314718310,1.0227550227550226
1585314718397,1.0125430125430126
1585314718484,1.000999000999001
1585314718626,1.000999000999001
1585314718692,1.0067710067710067
1585314718785,1.0063270063270062
1585314718914,1.0147630147630147
1585314719014,0.9779109779109779
1585314719084,0.9841269841269842
1585314719210,0.9930069930069931
1585314719288,0.9854589854589855
1585314719390,0.9823509823509824
1585314719533,0.9863469863469865
1585314719599,0.988122988122988
1585314719693,0.988122988122988
1585314719782,0.989010989010989
1585314719895,0.9894549894549893
1585314719986,0.9903429903429903
1585314720085,0.9898989898989897
1585314720182,0.9907869907869906
1585314720281,0.9907869907869906
1585314720396,0.9907869907869906
1585314720479,0.9907869907869906
1585314720593,0.9916749916749916
1585314720685,0.9921189921189921
1585314720803,0.9925629925629925
1585314720900,0.9894549894549893
1585314720986,0.989010989010989
1585314721089,0.996114996114996
1585314721183,0.9978909978909979
1585314721291,0.9974469974469975
1585314721400,0.9978909978909979
1585314721497,0.9983349983349983
1585314721601,1.0005550005550006
1585314721686,0.9992229992229992
1585314721790,1.0018870018870019
1585314721910,1.0023310023310024
1585314721986,1.0023310023310024
1585314722085,1.0023310023310024
1585314722200,1.0027750027750026
1585314722286,1.0032190032190031
1585314722389,1.0036630036630036
1585314722499,1.0041070041070042
1585314722591,1.0045510045510047
1585314722690,1.0045510045510047
1585314722804,1.0045510045510047
1585314722887,1.004995004995005
1585314723022,1.004995004995005
1585314723180,1.005883005883006
1585314723181,1.005883005883006
1585314723391,1.0067710067710067
1585314723391,1.0072150072150072
1585314723489,1.008991008991009
1585314723590,1.008991008991009
1585314723693,1.008103008103008
1585314723782,1.008103008103008
1585314723915,1.0107670107670106
1585314724008,1.0107670107670106
1585314724081,1.011211011211011
1585314724198,1.0129870129870129
1585314724304,1.0147630147630147
1585314724395,1.0200910200910198
1585314724492,1.0209790209790208
1585314724588,1.022311022311022
1585314724684,1.0249750249750251
1585314724795,1.026751026751027
1585314724887,1.026751026751027
1585314725000,1.0280830280830282
1585314725081,1.0285270285270287
1585314725199,1.028971028971029
1585314725285,1.027639027639028
1585314725403,1.026751026751027
1585314725488,1.0263070263070264
1585314725584,1.026751026751027
1585314725681,1.0271950271950274
1585314725796,1.027639027639028
1585314725900,1.0263070263070264
1585314725995,1.0254190254190256
1585314726084,1.0249750249750251
1585314726188,1.0218670218670218
1585314726286,1.0196470196470195
1585314726391,1.0200910200910198
1585314726487,1.0196470196470195
1585314726590,1.0205350205350205
1585314726682,1.0196470196470195
1585314726796,1.0196470196470195
1585314726890,1.0196470196470195
1585314726986,1.0200910200910198
1585314727110,1.0200910200910198
1585314727204,1.0196470196470195
1585314727299,1.0196470196470195
1585314727397,1.0196470196470195
1585314727483,1.0196470196470195
1585314727679,1.0196470196470195
1585314727679,1.0196470196470195
1585314727878,1.0196470196470195
1585314727879,1.0196470196470195
1585314728016,1.0196470196470195
1585314728093,1.0178710178710177
1585314728184,1.0174270174270172
1585314728285,1.016095016095016
1585314728391,1.016095016095016
1585314728501,1.0165390165390165
1585314728591,1.016095016095016
1585314728686,1.016095016095016
1585314728796,1.0183150183150182
1585314728891,1.0218670218670218
1585314728997,1.0231990231990233
1585314729090,1.0236430236430238
1585314729196,1.0236430236430238
1585314729296,1.0236430236430238
1585314729396,1.0240870240870241
1585314729503,1.0240870240870241
1585314729596,1.0245310245310248
1585314729704,1.0245310245310248
1585314729785,1.0245310245310248
1585314729882,1.0245310245310248
1585314729989,1.0245310245310248
1585314730098,1.0240870240870241
1585314730191,1.0245310245310248
1585314730280,1.0240870240870241
1585314730394,1.0245310245310248
1585314730503,1.0240870240870241
1585314730601,1.0245310245310248
1585314730692,1.0245310245310248
1585314730785,1.0249750249750251
1585314730976,1.0245310245310248
1585314730978,1.0245310245310248
1585314731096,1.0245310245310248
1585314731189,1.0245310245310248
1585314731309,1.0245310245310248
1585314731396,1.0245310245310248
1585314731495,1.0245310245310248
1585314731583,1.0245310245310248
1585314731699,1.0236430236430238
1585314731796,1.0240870240870241
1585314731883,1.0236430236430238
1585314731984,1.0236430236430238
1585314732091,1.0236430236430238
1585314732192,1.0236430236430238
1585314732281,1.0218670218670218
1585314732480,1.0196470196470195
1585314732480,1.019203019203019
1585314732601,1.0187590187590185
1585314732686,1.0183150183150182
1585314732796,1.0178710178710177
1585314732880,1.0174270174270172
1585314732991,1.016095016095016
1585314733181,1.0143190143190142
1585314733181,1.0143190143190142
1585314733291,1.0138750138750139
1585314733404,1.0138750138750139
1585314733488,1.0134310134310132
1585314733598,1.0134310134310132
1585314733685,1.0134310134310132
1585314733795,1.0134310134310132
1585314733905,1.0134310134310132
1585314733990,1.0134310134310132
1585314734100,1.0134310134310132
1585314734184,1.0129870129870129
1585314734374,1.0134310134310132
1585314734403,1.0134310134310132
1585314734490,1.0138750138750139
1585314734604,1.0129870129870129
1585314734688,1.0129870129870129
1585314734790,1.0129870129870129
1585314734904,1.0129870129870129
1585314734994,1.0129870129870129
1585314735184,1.0125430125430126
1585314735186,1.0125430125430126
1585314735300,1.0120990120990119
1585314735384,1.0120990120990119
1585314735582,1.0120990120990119
1585314735582,1.0120990120990119
1585314735691,1.0120990120990119
1585314735782,1.0116550116550116
1585314735881,1.0116550116550116
1585314735984,1.0116550116550116
1585314736083,1.0116550116550116
1585314736183,1.0116550116550116
1585314736284,1.0116550116550116
1585314736385,1.0116550116550116
1585314736503,1.011211011211011
1585314736588,1.0116550116550116
1585314736702,1.011211011211011
1585314736790,1.0116550116550116
1585314736901,1.0107670107670106
1585314736986,1.0116550116550116
1585314737106,1.0107670107670106
1585314737193,1.0107670107670106
1585314737305,1.0103230103230103
1585314737394,1.0103230103230103
1585314737506,1.0103230103230103
1585314737599,1.0103230103230103
1585314737685,1.00987900987901
1585314737796,1.00987900987901
1585314737896,1.0107670107670106
1585314737991,1.00987900987901
1585314738103,1.0094350094350093
1585314738196,1.00987900987901
1585314738294,1.00987900987901
1585314738398,1.00987900987901
1585314738488,1.00987900987901
1585314738586,1.0094350094350093
1585314738699,1.0094350094350093
1585314738796,1.0094350094350093
1585314738914,1.0094350094350093
1585314738986,1.0094350094350093
1585314739092,1.0094350094350093
1585314739216,1.008991008991009
1585314739309,1.0094350094350093
1585314739407,1.008991008991009
1585314739511,1.0094350094350093
1585314739611,1.008991008991009
1585314739688,1.008991008991009
1585314739801,1.0085470085470085
1585314739899,1.0085470085470085
1585314739992,1.0085470085470085
1585314740084,1.0085470085470085
1585314740204,1.008103008103008
1585314740296,1.008103008103008
1585314740408,1.008103008103008
1585314740498,1.0085470085470085
1585314740612,1.0085470085470085
1585314740702,1.008103008103008
1585314740809,1.0076590076590075
1585314740892,1.0076590076590075
1585314741001,1.0076590076590075
1585314741121,1.0076590076590075
1585314741198,1.0076590076590075
1585314741296,1.0076590076590075
1585314741391,1.0076590076590075
1585314741502,1.0076590076590075
1585314741625,1.0072150072150072
1585314741696,1.0072150072150072
1585314741812,1.0072150072150072
1585314741901,1.0072150072150072
1585314741996,1.0072150072150072
1585314742116,1.0072150072150072
1585314742186,1.0067710067710067
1585314742312,1.0067710067710067
1585314742406,1.0072150072150072
1585314742494,1.0067710067710067
1585314742586,1.0067710067710067
1585314742709,1.0072150072150072
1585314742799,1.0072150072150072
1585314742902,1.0072150072150072
1585314743004,1.0067710067710067
1585314743092,1.0067710067710067
1585314743186,1.0054390054390054
1585314743338,1.0054390054390054
1585314743388,1.005883005883006
1585314743483,1.0063270063270062
1585314743616,1.0072150072150072
1585314743700,1.0085470085470085
1585314743806,1.0067710067710067
1585314743914,1.0085470085470085
1585314744002,1.0085470085470085
1585314744099,1.0085470085470085
1585314744188,1.0085470085470085
1585314744302,1.0085470085470085
1585314744394,1.0072150072150072
1585314744516,1.0072150072150072
1585314744612,1.0067710067710067
1585314744702,1.0063270063270062
1585314744788,1.0063270063270062
1585314744898,1.0063270063270062
1585314744995,1.0063270063270062
1585314745096,1.0067710067710067
1585314745201,1.0063270063270062
1585314745292,1.0063270063270062
1585314745404,1.0063270063270062
1585314745509,1.005883005883006
1585314745590,1.0063270063270062
1585314745702,1.005883005883006
1585314745812,1.005883005883006
1585314745897,1.005883005883006
1585314745999,1.0054390054390054
1585314746088,1.005883005883006
1585314746187,1.005883005883006
1585314746293,1.0094350094350093
1585314746402,1.0107670107670106
1585314746492,1.0094350094350093
1585314746589,1.008991008991009
1585314746697,1.008991008991009
1585314746817,1.0094350094350093
1585314746887,1.0094350094350093
1585314746989,1.008991008991009
1585314747105,1.0094350094350093
1585314747194,1.0094350094350093
1585314747304,1.00987900987901
1585314747402,1.00987900987901
1585314747496,1.00987900987901
1585314747599,1.0094350094350093
1585314747692,1.0094350094350093
1585314747836,1.0094350094350093
1585314747904,1.00987900987901
1585314747994,1.0107670107670106
1585314748188,1.0116550116550116
1585314748188,1.0129870129870129
1585314748311,1.0129870129870129
1585314748416,1.0134310134310132
1585314748509,1.0138750138750139
1585314748608,1.0147630147630147
1585314748695,1.0147630147630147
1585314748796,1.0147630147630147
1585314748887,1.0147630147630147
1585314749005,1.0152070152070152
1585314749101,1.016095016095016
1585314749196,1.016983016983017
1585314749292,1.016983016983017
1585314749395,1.0178710178710177
1585314749488,1.0187590187590185
1585314749593,1.0200910200910198
1585314749701,1.0209790209790208
1585314749801,1.0209790209790208
1585314749918,1.0209790209790208
1585314750017,1.0214230214230213
1585314750108,1.0209790209790208
1585314750185,1.0209790209790208
1585314750292,1.0200910200910198
1585314750419,1.0183150183150182
1585314750494,1.0187590187590185
1585314750593,1.0187590187590185
1585314750711,1.019203019203019
1585314750805,1.0196470196470195
1585314750895,1.0205350205350205
1585314750992,1.0209790209790208
1585314751099,1.0209790209790208
1585314751186,1.0214230214230213
1585314751306,1.0218670218670218
1585314751392,1.0214230214230213
1585314751511,1.0209790209790208
1585314751635,1.0214230214230213
1585314751694,1.0214230214230213
1585314751786,1.0209790209790208
1585314751891,1.0218670218670218
1585314751999,1.0218670218670218
1585314752088,1.0214230214230213
1585314752205,1.0218670218670218
1585314752292,1.022311022311022
1585314752435,1.022311022311022
1585314752491,1.0231990231990233
1585314752601,1.0231990231990233
1585314752699,1.022311022311022
1585314752804,1.0227550227550226
1585314752893,1.022311022311022
1585314753000,1.0227550227550226
1585314753096,1.0231990231990233
1585314753205,1.0231990231990233
1585314753289,1.0231990231990233
1585314753389,1.0236430236430238
1585314753510,1.0236430236430238
1585314753601,1.0236430236430238
1585314753698,1.0236430236430238
1585314753806,1.0231990231990233
1585314753899,1.0236430236430238
1585314754015,1.0236430236430238
1585314754108,1.0236430236430238
1585314754203,1.0236430236430238
1585314754305,1.0236430236430238
1585314754399,1.0240870240870241
1585314754495,1.0236430236430238
1585314754601,1.0231990231990233
1585314754696,1.0231990231990233
1585314754805,1.0218670218670218
1585314754903,1.0214230214230213
1585314755002,1.0209790209790208
1585314755098,1.0205350205350205
1585314755203,1.0214230214230213
1585314755288,1.0209790209790208
1585314755411,1.0214230214230213
1585314755503,1.0240870240870241
1585314755607,1.0245310245310248
1585314755756,1.0245310245310248
1585314755816,1.0245310245310248
1585314755910,1.022311022311022
1585314756008,1.0218670218670218
1585314756093,1.0214230214230213
1585314756188,1.0214230214230213
1585314756310,1.0214230214230213
1585314756419,1.0214230214230213
1585314756516,1.0214230214230213
1585314756585,1.0214230214230213
1585314756684,1.0214230214230213
1585314756802,1.0205350205350205
1585314756889,1.0205350205350205
1585314756996,1.0200910200910198
1585314757091,1.0196470196470195
1585314757209,1.0196470196470195
1585314757302,1.0200910200910198
1585314757404,1.0200910200910198
1585314757499,1.0200910200910198
1585314757589,1.0205350205350205
1585314757688,1.0209790209790208
1585314757799,1.0218670218670218
1585314757909,1.0240870240870241
1585314757998,1.0280830280830282
1585314758102,1.0311910311910313
1585314758209,1.0325230325230326
1585314758299,1.0360750360750361
1585314758396,1.040959040959041
1585314758504,1.0445110445110446
1585314758593,1.0453990453990454
1585314758701,1.048951048951049
1585314758793,1.0516150516150518
1585314758896,1.0556110556110556
1585314758992,1.0582750582750582
1585314759088,1.0613830613830613
1585314759209,1.0644910644910646
1585314759292,1.0671550671550674
1585314759406,1.06981906981907
1585314759502,1.0738150738150738
1585314759597,1.0786990786990787
1585314759735,1.0813630813630812
1585314759789,1.083139083139083
1585314759916,1.0849150849150848
1585314760015,1.0866910866910864
1585314760111,1.0884670884670884
1585314760201,1.09024309024309
1585314760290,1.0920190920190918
1585314760412,1.0929070929070928
1585314760484,1.093351093351093
1585314760661,1.095127095127095
1585314760688,1.0964590964590963
1585314760789,1.0986790986790984
1585314760908,1.1000111000111001
1585314760991,1.1013431013431014
1585314761089,1.1013431013431014
1585314761214,1.101787101787102
1585314761294,1.1026751026751027
1585314761404,1.1035631035631037
1585314761487,1.104895104895105
1585314761602,1.1053391053391053
1585314761699,1.105783105783106
1585314761800,1.1062271062271063
1585314761891,1.1066711066711066
1585314761991,1.1066711066711066
1585314762096,1.1066711066711066
1585314762202,1.1071151071151073
1585314762293,1.1071151071151073
1585314762399,1.1066711066711066
1585314762515,1.1062271062271063
1585314762614,1.105783105783106
1585314762694,1.1053391053391053
1585314762815,1.104895104895105
1585314762901,1.1044511044511045
1585314763006,1.1044511044511045
1585314763115,1.104007104007104
1585314763199,1.1035631035631037
1585314763284,1.1035631035631037
1585314763390,1.104007104007104
1585314763511,1.1044511044511045
1585314763602,1.1053391053391053
1585314763708,1.1044511044511045
1585314763806,1.1044511044511045
1585314763899,1.104007104007104
1585314763985,1.1031191031191032
1585314764179,1.1022311022311024
1585314764202,1.100899100899101
1585314764284,1.0991230991230994
1585314764496,1.0973470973470971
1585314764496,1.0969030969030968
1585314764612,1.0955710955710953
1585314764703,1.095127095127095
1585314764803,1.094239094239094
1585314764892,1.093351093351093
1585314765086,1.093351093351093
1585314765090,1.0929070929070928
1585314765212,1.0924630924630925
1585314765302,1.0924630924630925
1585314765415,1.0915750915750915
1585314765503,1.091131091131091
1585314765592,1.091131091131091
1585314765698,1.09024309024309
1585314765795,1.09024309024309
1585314765905,1.09024309024309
1585314765998,1.0906870906870905
1585314766113,1.091131091131091
1585314766187,1.0915750915750915
1585314766304,1.0924630924630925
1585314766415,1.0915750915750915
1585314766485,1.0906870906870905
1585314766591,1.0884670884670884
1585314766713,1.0866910866910864
1585314766811,1.0853590853590853
1585314766901,1.0849150849150848
1585314766988,1.0844710844710845
1585314767115,1.0849150849150848
1585314767199,1.0849150849150848
1585314767295,1.0849150849150848
1585314767389,1.0840270840270838
1585314767502,1.0840270840270838
1585314767594,1.0835830835830835
1585314767702,1.0835830835830835
1585314767798,1.083139083139083
1585314767912,1.0826950826950825
1585314768016,1.0813630813630812
1585314768197,1.081807081807082
1585314768198,1.0813630813630812
1585314768403,1.082251082251082
1585314768405,1.082251082251082
1585314768513,1.0826950826950825
1585314768607,1.0826950826950825
1585314768807,1.0826950826950825
1585314768808,1.0826950826950825
1585314768911,1.0826950826950825
1585314769016,1.083139083139083
1585314769116,1.0826950826950825
1585314769210,1.083139083139083
1585314769311,1.0826950826950825
1585314769392,1.0835830835830835
1585314769491,1.083139083139083
1585314769632,1.0840270840270838
1585314769696,1.0840270840270838
1585314769806,1.0840270840270838
1585314769895,1.0840270840270838
1585314769986,1.083139083139083
1585314770095,1.0826950826950825
1585314770210,1.080919080919081
1585314770303,1.0791430791430792
1585314770397,1.080919080919081
1585314770503,1.080919080919081
1585314770616,1.080919080919081
1585314770698,1.0804750804750805
1585314770816,1.080919080919081
1585314770896,1.081807081807082
1585314771016,1.0840270840270838
1585314771116,1.0884670884670884
1585314771210,1.0853590853590853
1585314771292,1.0875790875790874
1585314771482,1.0946830946830945
1585314771508,1.0986790986790984
1585314771614,1.1013431013431014
1585314771798,1.100899100899101
1585314771800,1.100899100899101
1585314771908,1.1004551004551006
1585314772009,1.1000111000111001
1585314772112,1.0995670995670996
1585314772202,1.0986790986790984
1585314772312,1.0977910977910976
1585314772397,1.0973470973470971
1585314772488,1.0973470973470971
1585314772592,1.0973470973470971
1585314772701,1.0973470973470971
1585314772815,1.0973470973470971
1585314772891,1.0969030969030968
1585314773009,1.0969030969030968
1585314773094,1.0969030969030968
1585314773205,1.0969030969030968
1585314773292,1.0969030969030968
1585314773504,1.0960150960150958
1585314773505,1.0960150960150958
1585314773581,1.0955710955710953
1585314773700,1.095127095127095
1585314773785,1.095127095127095
1585314773900,1.095127095127095
1585314773988,1.094239094239094
1585314774102,1.094239094239094
1585314774188,1.0937950937950938
1585314774292,1.0937950937950938
1585314774415,1.0946830946830945
1585314774496,1.0955710955710953
1585314774611,1.095127095127095
1585314774697,1.0955710955710953
1585314774802,1.0964590964590963
1585314774900,1.0929070929070928
1585314774992,1.09024309024309
1585314775105,1.088911088911089
1585314775192,1.0893550893550892
1585314775295,1.09024309024309
1585314775396,1.09024309024309
1585314775499,1.091131091131091
1585314775592,1.0915750915750915
1585314775700,1.0924630924630925
1585314775793,1.0929070929070928
1585314775906,1.094239094239094
1585314775986,1.095127095127095
1585314776097,1.0964590964590963
1585314776199,1.0986790986790984
1585314776312,1.1004551004551006
1585314776438,1.1026751026751027
1585314776508,1.1035631035631037
1585314776618,1.1062271062271063
1585314776719,1.1080031080031079
1585314776816,1.1151071151071152
1585314776894,1.120879120879121
1585314776996,1.1235431235431237
1585314777086,1.1226551226551227
1585314777219,1.121767121767122
1585314777315,1.120879120879121
1585314777407,1.119103119103119
1585314777485,1.1195471195471196
1585314777604,1.1186591186591186
1585314777690,1.119103119103119
1585314777799,1.1186591186591186
1585314777904,1.1186591186591186
1585314777984,1.119103119103119
1585314778089,1.1186591186591186
1585314778206,1.1195471195471196
1585314778312,1.1204351204351206
1585314778406,1.1186591186591186
1585314778485,1.1182151182151183
1585314778592,1.1182151182151183
1585314778704,1.1195471195471196
1585314778819,1.120879120879121
1585314778883,1.133755133755134
1585314779005,1.1346431346431345
1585314779089,1.1284271284271286
1585314779204,1.1226551226551227
1585314779296,1.1204351204351206
1585314779393,1.1195471195471196
1585314779505,1.1195471195471196
1585314779638,1.1199911199911199
1585314779702,1.120879120879121
1585314779805,1.1204351204351206
1585314779891,1.1204351204351206
1585314780002,1.1204351204351206
1585314780088,1.1199911199911199
1585314780205,1.1177711177711178
1585314780299,1.1164391164391165
1585314780393,1.1173271173271173
1585314780590,1.1173271173271173
1585314780595,1.1177711177711178
1585314780708,1.1182151182151183
1585314780812,1.1182151182151183
1585314780912,1.1186591186591186
1585314781006,1.1186591186591186
1585314781101,1.1182151182151183
1585314781206,1.1186591186591186
1585314781289,1.1186591186591186
1585314781403,1.1186591186591186
1585314781499,1.1186591186591186
1585314781605,1.1195471195471196
1585314781708,1.1204351204351206
1585314781802,1.1195471195471196
1585314781905,1.1146631146631145
1585314781995,1.1097791097791099
1585314782098,1.1062271062271063
1585314782191,1.1053391053391053
1585314782301,1.1022311022311024
1585314782388,1.1000111000111001
1585314782506,1.0995670995670996
1585314782605,1.0995670995670996
1585314782705,1.0995670995670996
1585314782798,1.1000111000111001
1585314782892,1.1000111000111001
1585314783006,1.1000111000111001
1585314783093,1.1000111000111001
1585314783211,1.1000111000111001
1585314783288,1.1004551004551006
1585314783389,1.1000111000111001
1585314783509,1.1004551004551006
1585314783585,1.1000111000111001
1585314783699,1.1013431013431014
1585314783794,1.1013431013431014
1585314783892,1.1022311022311024
1585314783992,1.104007104007104
1585314784148,1.1071151071151073
1585314784189,1.1093351093351094
1585314784292,1.1097791097791099
1585314784404,1.1102231102231102
1585314784499,1.1093351093351094
1585314784601,1.1084471084471086
1585314784698,1.1075591075591076
1585314784802,1.1080031080031079
1585314784912,1.1075591075591076
1585314785008,1.1066711066711066
1585314785108,1.1066711066711066
1585314785189,1.1066711066711066
1585314785319,1.1075591075591076
1585314785391,1.1088911088911089
1585314785504,1.1097791097791099
1585314785602,1.1106671106671107
1585314785689,1.1106671106671107
1585314785795,1.1111111111111114
1585314785889,1.111999111999112
1585314785990,1.112887112887113
1585314786101,1.112887112887113
1585314786192,1.1124431124431124
1585314786299,1.1142191142191142
1585314786392,1.1164391164391165
1585314786495,1.1213231213231214
1585314786602,1.1315351315351314
1585314786699,1.1426351426351427
1585314786802,1.1457431457431457
1585314786885,1.1435231435231434
1585314787005,1.139083139083139
1585314787099,1.1355311355311355
1585314787197,1.1310911310911311
1585314787312,1.1297591297591298
1585314787406,1.1253191253191253
1585314787497,1.1230991230991232
1585314787602,1.1195471195471196
1585314787706,1.1151071151071152
1585314787789,1.111999111999112
1585314787901,1.1111111111111114
1585314787985,1.1106671106671107
1585314788118,1.1102231102231102
1585314788263,1.1106671106671107
1585314788296,1.1111111111111114
1585314788405,1.1115551115551117
1585314788592,1.1124431124431124
1585314788597,1.111999111999112
1585314788693,1.1115551115551117
1585314788882,1.1115551115551117
1585314788884,1.1106671106671107
1585314789061,1.1097791097791099
1585314789103,1.1088911088911089
1585314789233,1.1080031080031079
1585314789319,1.1075591075591076
1585314789412,1.1080031080031079
1585314789496,1.1071151071151073
1585314789583,1.1080031080031079
1585314789695,1.1097791097791099
1585314789803,1.1111111111111114
1585314789888,1.1115551115551117
1585314790076,1.1115551115551117
1585314790105,1.1106671106671107
1585314790191,1.1102231102231102
1585314790301,1.1097791097791099
1585314790411,1.1093351093351094
1585314790494,1.1088911088911089
1585314790586,1.1088911088911089
1585314790696,1.1084471084471086
1585314790806,1.1084471084471086
1585314790896,1.1088911088911089
1585314791006,1.1088911088911089
1585314791089,1.1080031080031079
1585314791280,1.1053391053391053
1585314791280,1.1035631035631037
1585314791391,1.1031191031191032
1585314791500,1.101787101787102
1585314791587,1.1013431013431014
1585314791696,1.1013431013431014
1585314791784,1.101787101787102
1585314791894,1.1035631035631037
1585314792004,1.104895104895105
1585314792087,1.1075591075591076
1585314792202,1.1080031080031079
1585314792288,1.1093351093351094
1585314792454,1.1097791097791099
1585314792481,1.1111111111111114
1585314792595,1.112887112887113
1585314792708,1.113775113775114
1585314792807,1.1151071151071152
1585314792895,1.1164391164391165
1585314792985,1.1173271173271173
1585314793098,1.1186591186591186
1585314793207,1.1177711177711178
1585314793297,1.119103119103119
1585314793391,1.1213231213231214
1585314793507,1.1230991230991232
1585314793586,1.1248751248751248
1585314793692,1.126207126207126
1585314793803,1.1279831279831278
1585314793887,1.1288711288711288
1585314794004,1.1306471306471306
1585314794089,1.131979131979132
1585314794202,1.132867132867133
1585314794281,1.1333111333111332
1585314794398,1.1341991341991342
1585314794499,1.1350871350871352
1585314794605,1.1364191364191365
1585314794702,1.1377511377511378
1585314794802,1.138195138195138
1585314794904,1.138195138195138
1585314795002,1.1377511377511378
1585314795105,1.1364191364191365
1585314795200,1.133755133755134
1585314795291,1.1333111333111332
1585314795394,1.1306471306471306
1585314795506,1.1230991230991232
1585314795619,1.1204351204351206
1585314795694,1.116883116883117
1585314795794,1.116883116883117
1585314795895,1.116883116883117
1585314796015,1.1155511155511155
1585314796089,1.100899100899101
1585314796204,1.0769230769230769
1585314796287,1.0258630258630261
1585314796392,1.0147630147630147
1585314796501,1.0063270063270062
1585314796612,1.0076590076590075
1585314796707,1.0032190032190031
1585314796809,1.000111000111
1585314796909,1.0032190032190031
1585314797019,1.008103008103008
1585314797105,1.0533910533910533
1585314797205,1.0480630480630482
1585314797401,1.0405150405150407
1585314797402,1.0551670551670553
1585314797484,1.0964590964590963
1585314797589,1.1026751026751027
1585314797694,1.0991230991230994
1585314797815,1.0893550893550892
1585314797892,1.0920190920190918
1585314797995,1.1071151071151073
1585314798119,1.123987123987124
1585314798201,1.1373071373071373
1585314798288,1.1461871461871462
1585314798414,1.147075147075147
1585314798519,1.1452991452991452
1585314798619,1.147963147963148
1585314798684,1.1506271506271508
1585314798792,1.1315351315351314
1585314798898,1.121767121767122
1585314798989,1.1248751248751248
1585314799131,1.1306471306471306
1585314799215,1.1306471306471306
1585314799293,1.1302031302031301
1585314799388,1.1297591297591298
1585314799495,1.1293151293151293
1585314799589,1.1284271284271286
1585314799698,1.1279831279831278
1585314799786,1.1284271284271286
1585314799887,1.1279831279831278
1585314800008,1.1279831279831278
1585314800104,1.1279831279831278
1585314800192,1.1279831279831278
1585314800310,1.1279831279831278
1585314800401,1.1284271284271286
1585314800503,1.1284271284271286
1585314800662,1.1279831279831278
1585314800689,1.1279831279831278
1585314800894,1.1279831279831278
1585314800894,1.1284271284271286
1585314800997,1.1288711288711288
1585314801194,1.1293151293151293
1585314801197,1.1297591297591298
1585314801311,1.1310911310911311
1585314801399,1.1315351315351314
1585314801491,1.132867132867133
1585314801585,1.1346431346431345
1585314801709,1.1355311355311355
1585314801799,1.1364191364191365
1585314801898,1.139083139083139
1585314801998,1.1413031413031414
1585314802101,1.1444111444111444
1585314802198,1.1466311466311467
1585314802298,1.1497391497391496
1585314802406,1.1532911532911534
1585314802498,1.1577311577311578
1585314802591,1.1626151626151626
1585314802687,1.167055167055167
1585314802796,1.1728271728271726
1585314802894,1.1781551781551782
1585314802995,1.183039183039183
1585314803082,1.1892551892551895
1585314803197,1.1954711954711954
1585314803288,1.203907203907204
1585314803396,1.211899211899212
1585314803493,1.2176712176712177
1585314803583,1.2221112221112218
1585314803684,1.238983238983239
1585314803791,1.2465312465312466
1585314803903,1.2487512487512487
1585314803995,1.2474192474192471
1585314804090,1.2523032523032522
1585314804198,1.255855255855256
1585314804287,1.2594072594072594
1585314804404,1.2634032634032635
1585314804499,1.267843267843268
1585314804585,1.271839271839272
1585314804698,1.2833832833832834
1585314804783,1.2895992895992896
1585314804900,1.2935952935952937
1585314805023,1.2958152958152958
1585314805093,1.2949272949272947
1585314805206,1.2958152958152958
1585314805283,1.2998112998112998
1585314805396,1.3020313020313021
1585314805488,1.3046953046953047
1585314805588,1.3055833055833055
1585314805704,1.3095793095793093
1585314805826,1.3117993117993116
1585314805907,1.3144633144633144
1585314805994,1.3144633144633144
1585314806105,1.316239316239316
1585314806187,1.318015318015318
1585314806289,1.321123321123321
1585314806400,1.3197913197913198
1585314806490,1.3153513153513152
1585314806590,1.3157953157953157
1585314806774,1.316239316239316
1585314806784,1.3157953157953157
1585314806900,1.316239316239316
1585314806991,1.3144633144633144
1585314807105,1.3149073149073147
1585314807198,1.314019314019314
1585314807308,1.3135753135753134
1585314807395,1.3126873126873129
1585314807492,1.3117993117993116
1585314807604,1.3109113109113109
1585314807688,1.3104673104673104
1585314807805,1.308247308247308
1585314807890,1.3055833055833055
1585314808004,1.3020313020313021
1585314808098,1.3020313020313021
1585314808207,1.3015873015873014
1585314808300,1.3015873015873014
1585314808385,1.2967032967032968
1585314808500,1.2878232878232878
1585314808587,1.2864912864912865
1585314808714,1.2873792873792875
1585314808793,1.2873792873792875
1585314808884,1.2856032856032857
1585314808999,1.2864912864912865
1585314809085,1.2873792873792875
1585314809192,1.302919302919303
1585314809298,1.297147297147297
1585314809386,1.3055833055833055
1585314809505,1.3086913086913088
1585314809612,1.3255633255633252
1585314809710,1.3788433788433787
1585314809813,1.2349872349872348
1585314809890,1.3766233766233766
1585314810018,1.3828393828393828
1585314810104,1.4032634032634033
1585314810192,1.5111555111555113
1585314810304,1.4908424908424909
1585314810387,1.4849816849816848
1585314810502,1.52014652014652
1585314810590,1.5846153846153848
1585314810703,1.5025641025641026
1585314810800,1.4586080586080585
1585314810883,1.578754578754579
1585314811002,1.5758241758241762
1585314811115,1.4893772893772894
1585314811199,1.4703296703296704
1585314811287,1.4556776556776558
1585314811410,1.5186813186813188
1585314811495,1.4967032967032967
1585314811585,1.482051282051282
1585314811704,1.4747252747252748
1585314811787,1.3604395604395605
1585314811884,1.2833832833832834
1585314811994,1.2864912864912865
1585314812087,1.3015873015873014
1585314812204,1.3193473193473193
1585314812287,1.3322233322233323
1585314812392,1.4045954045954048
1585314812490,1.5111555111555113
1585314812599,1.4879120879120882
1585314812707,1.4454212454212458
1585314812792,1.4732600732600734
1585314812889,1.4688644688644688
1585314813042,1.358974358974359
1585314813105,1.2021312021312023
1585314813211,1.2132312132312133
1585314813319,1.185703185703186
1585314813391,1.1355311355311355
1585314813581,1.2887112887112888
1585314813582,1.505827505827506
1585314813701,1.5772893772893775
1585314813804,1.6417582417582417
1585314813892,1.6183150183150186
1585314814001,1.621245421245421
1585314814102,1.6124542124542125
1585314814197,1.6197802197802198
1585314814287,1.63003663003663
1585314814394,1.63003663003663
1585314814500,1.627106227106227
1585314814608,1.6241758241758242
1585314814690,1.6315018315018317
1585314814801,1.6446886446886446
1585314814896,1.6534798534798534
1585314815005,1.6505494505494507
1585314815103,1.6549450549450548
1585314815208,1.656410256410256
1585314815299,1.6534798534798534
1585314815404,1.6476190476190475
1585314815504,1.64029304029304
1585314815606,1.64029304029304
1585314815703,1.6446886446886446
1585314815798,1.6432234432234432
1585314815893,1.6417582417582417
1585314815988,1.6930402930402932
1585314816100,1.632967032967033
1585314816202,1.6227106227106225
1585314816310,1.6388278388278386
1585314816392,1.6373626373626373
1585314816495,1.64029304029304
1585314816601,1.646153846153846
1585314816692,1.72967032967033
1585314816794,1.775091575091575
1585314816892,1.8087912087912086
1585314816989,1.8190476190476192
1585314817101,1.8205128205128207
1585314817217,1.833699633699634
1585314817324,1.9186813186813185
1585314817393,1.9230769230769231
1585314817494,1.8688644688644687
1585314817591,1.7633699633699633
1585314817707,1.6637362637362636
1585314817802,1.6373626373626373
1585314817898,1.8117216117216113
1585314817996,1.8219780219780224
1585314818089,1.8205128205128207
1585314818186,1.814652014652015
1585314818298,1.8175824175824178
1585314818392,1.8219780219780224
1585314818496,1.8190476190476192
1585314818592,1.813186813186813
1585314818692,1.7897435897435898
1585314818785,1.742857142857143
1585314818893,1.7853479853479852
1585314818999,1.7941391941391938
1585314819089,1.8117216117216113
1585314819191,1.81025641025641
1585314819291,1.7824175824175823
1585314819388,1.8087912087912086
1585314819489,1.8161172161172163
1585314819590,1.7809523809523808
1585314819694,1.7633699633699633
1585314819811,1.7604395604395604
1585314819905,1.7545787545787546
1585314819988,1.7706959706959706
1585314820101,1.756043956043956
1585314820188,1.772161172161172
1585314820306,1.7736263736263735
1585314820402,1.775091575091575
1585314820489,1.7999999999999998
1585314820589,1.8058608058608059
1585314820711,1.7999999999999998
1585314820787,1.7956043956043954
1585314820894,1.7853479853479852
1585314820988,1.775091575091575
1585314821105,1.7677655677655677
1585314821192,1.7604395604395604
1585314821351,1.7516483516483519
1585314821385,1.7487179487179487
1585314821483,1.7443223443223446
1585314821582,1.7326007326007327
1585314821685,1.723809523809524
1585314821784,1.7106227106227108
1585314821894,1.7091575091575093
1585314821987,1.7076923076923076
1585314822118,1.7032967032967037
1585314822207,1.7164835164835168
1585314822283,1.7164835164835168
1585314822399,1.7120879120879122
1585314822495,1.6959706959706962
1585314822581,1.7003663003663008
1585314822692,1.720879120879121
1585314822797,1.717948717948718
1585314822910,1.7150183150183154
1585314822993,1.7135531135531135
1585314823091,1.6915750915750918
1585314823186,1.6021978021978025
1585314823300,1.4849816849816848
1585314823394,1.4805860805860807
1585314823491,1.4630036630036631
1585314823599,1.4732600732600734
1585314823681,1.4542124542124544
1585314823796,1.4468864468864473
1585314823882,1.4644688644688646
1585314823998,1.4732600732600734
1585314824085,1.471794871794872
1585314824186,1.4703296703296704
1585314824295,1.482051282051282
1585314824387,1.4981684981684982
1585314824490,1.523076923076923
1585314824607,1.5831501831501833
1585314824685,1.6036630036630037
1585314824798,1.5963369963369962
1585314824896,1.5890109890109891
1585314824989,1.5934065934065937
1585314825089,1.6021978021978025
1585314825215,1.6285714285714283
1585314825282,1.6417582417582417
1585314825410,1.6827838827838824
1585314825482,1.6754578754578755
1585314825676,1.6549450549450548
1585314825717,1.6637362637362636
1585314825791,1.6783882783882782
1585314825915,1.6739926739926738
1585314826000,1.660805860805861
1585314826105,1.6695970695970692
1585314826203,1.6769230769230767
1585314826293,1.6901098901098905
1585314826400,1.7355311355311358
1585314826486,1.7487179487179487
1585314826593,1.7545787545787546
1585314826701,1.723809523809524
1585314826782,1.6739926739926738
1585314826883,1.627106227106227
1585314826985,1.6183150183150186
1585314827082,1.627106227106227
1585314827194,1.6315018315018317
1585314827305,1.646153846153846
1585314827396,1.660805860805861
1585314827490,1.6754578754578755
1585314827590,1.6842490842490838
1585314827700,1.6827838827838824
1585314827791,1.6813186813186811
1585314827898,1.6769230769230767
1585314827999,1.6754578754578755
1585314828090,1.6739926739926738
1585314828194,1.671062271062271
1585314828289,1.6695970695970692
1585314828391,1.668131868131868
1585314828488,1.668131868131868
1585314828588,1.668131868131868
1585314828693,1.665201465201465
1585314828790,1.6593406593406592
1585314828908,1.660805860805861
1585314828995,1.6197802197802198
1585314829086,1.6344322344322344
1585314829186,1.632967032967033
1585314829281,1.6344322344322344
1585314829383,1.635897435897436
1585314829511,1.6446886446886446
1585314829607,1.6417582417582417
1585314829698,1.635897435897436
1585314829891,1.6373626373626373
1585314829893,1.6256410256410256
1585314829986,1.6256410256410256
1585314830081,1.6344322344322344
1585314830204,1.632967032967033
1585314830295,1.632967032967033
1585314830395,1.627106227106227
1585314830501,1.6241758241758242
1585314830605,1.613919413919414
1585314830698,1.6183150183150186
1585314830796,1.6080586080586081
1585314830896,1.6241758241758242
1585314830994,1.646153846153846
1585314831125,1.646153846153846
1585314831192,1.6432234432234432
1585314831306,1.6388278388278386
1585314831405,1.6373626373626373
1585314831502,1.635897435897436
1585314831604,1.632967032967033
1585314831691,1.6285714285714283
1585314831822,1.6227106227106225
1585314831892,1.6153846153846154
1585314831988,1.613919413919414
1585314832087,1.6227106227106225
1585314832202,1.6153846153846154
1585314832290,1.6124542124542125
1585314832393,1.610989010989011
1585314832484,1.610989010989011
1585314832589,1.6095238095238096
1585314832686,1.6095238095238096
1585314832791,1.6095238095238096
1585314832887,1.6065934065934067
1585314832997,1.6065934065934067
1585314833101,1.6065934065934067
1585314833182,1.6051282051282052
1585314833312,1.6036630036630037
1585314833395,1.6036630036630037
1585314833492,1.6007326007326008
1585314833600,1.5992673992673994
1585314833695,1.597802197802198
1585314833889,1.5963369963369962
1585314833889,1.594871794871795
1585314834012,1.5934065934065937
1585314834105,1.5934065934065937
1585314834200,1.5919413919413923
1585314834297,1.5890109890109891
1585314834405,1.5890109890109891
1585314834494,1.587545787545788
1585314834600,1.5860805860805862
1585314834702,1.5860805860805862
1585314834790,1.5831501831501833
1585314834897,1.5816849816849816
1585314834985,1.5802197802197802
1585314835108,1.578754578754579
1585314835194,1.5772893772893775
1585314835291,1.5772893772893775
1585314835390,1.5772893772893775
1585314835502,1.5758241758241762
1585314835592,1.5758241758241762
1585314835687,1.5772893772893775
1585314835790,1.5772893772893775
1585314835895,1.578754578754579
1585314835985,1.578754578754579
1585314836097,1.5802197802197802
1585314836193,1.5816849816849816
1585314836293,1.5846153846153848
1585314836387,1.5860805860805862
1585314836497,1.587545787545788
1585314836589,1.5890109890109891
1585314836702,1.5919413919413923
1585314836792,1.5934065934065937
1585314836890,1.5963369963369962
1585314836992,1.597802197802198
1585314837097,1.6007326007326008
1585314837189,1.6021978021978025
1585314837303,1.6036630036630037
1585314837477,1.6065934065934067
1585314837519,1.6080586080586081
1585314837589,1.6095238095238096
1585314837789,1.610989010989011
1585314837789,1.6124542124542125
1585314837885,1.6124542124542125
1585314837994,1.6124542124542125
1585314838089,1.6124542124542125
1585314838185,1.613919413919414
1585314838310,1.6153846153846154
1585314838386,1.6153846153846154
1585314838504,1.613919413919414
1585314838611,1.613919413919414
1585314838700,1.6153846153846154
1585314838794,1.6124542124542125
1585314838887,1.613919413919414
1585314839003,1.613919413919414
1585314839093,1.6124542124542125
1585314839199,1.6124542124542125
1585314839286,1.6124542124542125
1585314839394,1.610989010989011
1585314839503,1.6095238095238096
1585314839595,1.6080586080586081
1585314839704,1.6065934065934067
1585314839787,1.6051282051282052
1585314839906,1.6036630036630037
1585314840000,1.6021978021978025
1585314840109,1.6007326007326008
1585314840192,1.5992673992673994
1585314840295,1.5992673992673994
1585314840385,1.597802197802198
1585314840497,1.594871794871795
1585314840591,1.5934065934065937
1585314840696,1.5904761904761908
1585314840800,1.5890109890109891
1585314840895,1.587545787545788
1585314841003,1.5860805860805862
1585314841088,1.5831501831501833
1585314841185,1.5802197802197802
1585314841298,1.578754578754579
1585314841393,1.5772893772893775
1585314841491,1.5758241758241762
1585314841616,1.5728937728937733
1585314841709,1.5728937728937733
1585314841803,1.56996336996337
1585314841905,1.5670329670329672
1585314841996,1.5655677655677658
1585314842094,1.5641025641025643
1585314842186,1.5626373626373624
1585314842326,1.5597069597069595
1585314842385,1.5582417582417583
1585314842510,1.5567765567765564
1585314842587,1.5553113553113551
1585314842707,1.5523809523809522
1585314842793,1.5523809523809522
1585314842886,1.5509157509157505
1585314842992,1.5509157509157505
1585314843098,1.5435897435897434
1585314843200,1.5172161172161174
1585314843294,1.4791208791208792
1585314843402,1.4923076923076923
1585314843491,1.4952380952380953
1585314843587,1.4937728937728938
1585314843687,1.4952380952380953
1585314843790,1.4952380952380953
1585314843923,1.4996336996336996
1585314843981,1.5025641025641026
1585314844097,1.5025641025641026
1585314844181,1.5040293040293042
1585314844301,1.4967032967032967
1585314844386,1.5040293040293042
1585314844502,1.5040293040293042
1585314844590,1.501098901098901
1585314844708,1.4952380952380953
1585314844789,1.4937728937728938
1585314844901,1.4952380952380953
1585314844985,1.4864468864468865
1585314845101,1.4923076923076923
1585314845212,1.4952380952380953
1585314845299,1.4981684981684982
1585314845410,1.4981684981684982
1585314845495,1.4967032967032967
1585314845588,1.4923076923076923
1585314845703,1.4849816849816848
1585314845788,1.4791208791208792
1585314845906,1.4688644688644688
1585314846002,1.4630036630036631
1585314846094,1.4644688644688646
1585314846203,1.465934065934066
1585314846300,1.4644688644688646
1585314846392,1.4673992673992675
1585314846505,1.4849816849816848
1585314846603,1.4937728937728938
1585314846706,1.4893772893772894
1585314846803,1.4864468864468865
1585314846889,1.4864468864468865
1585314847006,1.4893772893772894
1585314847092,1.4908424908424909
1585314847205,1.4864468864468865
1585314847294,1.4879120879120882
1585314847412,1.4864468864468865
1585314847493,1.4864468864468865
1585314847612,1.4835164835164836
1585314847691,1.4835164835164836
1585314847812,1.4791208791208792
1585314847891,1.4791208791208792
1585314848005,1.4776556776556777
1585314848086,1.4791208791208792
1585314848202,1.4761904761904763
1585314848285,1.4761904761904763
1585314848402,1.4747252747252748
1585314848500,1.4732600732600734
1585314848608,1.471794871794872
1585314848692,1.471794871794872
1585314848809,1.471794871794872
1585314848893,1.4703296703296704
1585314849003,1.4688644688644688
1585314849094,1.4673992673992675
1585314849184,1.4644688644688646
1585314849298,1.4630036630036631
1585314849400,1.4644688644688646
1585314849522,1.465934065934066
1585314849597,1.4673992673992675
1585314849782,1.4644688644688646
1585314849783,1.4630036630036631
1585314849922,1.4630036630036631
1585314849993,1.4644688644688646
1585314850122,1.4630036630036631
1585314850211,1.4600732600732604
1585314850322,1.4586080586080585
1585314850389,1.4556776556776558
1585314850502,1.44981684981685
1585314850622,1.4468864468864473
1585314850712,1.452747252747253
1585314850805,1.4542124542124544
1585314850901,1.4542124542124544
1585314851031,1.452747252747253
1585314851096,1.4512820512820515
1585314851205,1.4468864468864473
1585314851296,1.4307692307692308
1585314851402,1.419047619047619
1585314851487,1.4087912087912087
1585314851585,1.413186813186813
1585314851715,1.4205128205128204
1585314851789,1.4249084249084247
1585314851892,1.4263736263736262
1585314851986,1.4249084249084247
1585314852093,1.4263736263736262
1585314852192,1.4263736263736262
1585314852318,1.4263736263736262
1585314852391,1.4249084249084247
1585314852489,1.4263736263736262
1585314852608,1.4263736263736262
1585314852706,1.4263736263736262
1585314852825,1.4278388278388277
1585314852896,1.4293040293040291
1585314852989,1.432234432234432
1585314853093,1.432234432234432
1585314853199,1.4205128205128204
1585314853295,1.4219780219780218
1585314853405,1.432234432234432
1585314853512,1.4366300366300364
1585314853611,1.432234432234432
1585314853708,1.432234432234432
1585314853821,1.4307692307692308
1585314853903,1.4307692307692308
1585314853992,1.432234432234432
1585314854092,1.4307692307692308
1585314854206,1.4307692307692308
1585314854305,1.4307692307692308
1585314854399,1.4293040293040291
1585314854491,1.4293040293040291
1585314854616,1.4293040293040291
1585314854702,1.4307692307692308
1585314854794,1.4307692307692308
1585314854892,1.4278388278388277
1585314855008,1.4263736263736262
1585314855111,1.4263736263736262
1585314855209,1.4263736263736262
1585314855291,1.4249084249084247
1585314855403,1.4234432234432233
1585314855492,1.4175824175824174
1585314855596,1.4146520146520145
1585314855700,1.3926739926739926
1585314855790,1.4117216117216116
1585314855903,1.413186813186813
1585314855988,1.4146520146520145
1585314856097,1.413186813186813
1585314856198,1.413186813186813
1585314856292,1.4146520146520145
1585314856407,1.4146520146520145
1585314856488,1.4146520146520145
1585314856589,1.413186813186813
1585314856694,1.413186813186813
1585314856787,1.413